Abell,0
Allendale,1
Arcadia,2
Arlington,3
Armistead Gardens,4
Ashburton,5
Baltimore Highlands,6
Barclay,7
Barre Circle,8
Bayview,9
Beechfield,10
Belair-Edison,11
Belair-Parkside,12
Bellona-Gittings,13
Belvedere,14
Berea,15
Better Waverly,16
Beverly Hills,17
Biddle Street,18
Blythewood,19
Bolton Hill,20
Boyd-Booth,21
Brewers Hill,22
Bridgeview/Greenlawn,23
Broadway East,24
Broening Manor,25
Brooklyn,26
Burleith-Leighton,27
Butcher's Hill,28
CARE,29
Callaway-Garrison,30
Cameron Village,31
Canton,32
Canton Industrial Area,33
Carroll - Camden Industri,34
Carroll Park,35
Carroll-South Hilton,36
Carrollton Ridge,37
Cedarcroft,38
Cedmont,39
Cedonia,40
Central Forest Park,41
Central Park Heights,42
Charles North,43
Charles Village,44
Cherry Hill,45
Cheswolde,46
Chinquapin Park,47
Clifton Park,48
Coldspring,49
Coldstream Homestead Mont,50
Concerned Citizens Of For,51
Coppin Heights/Ash-Co-Eas,52
Cross Country,53
Cross Keys,54
Curtis Bay,55
Curtis Bay Industrial Are,56
Cylburn,57
Darley Park,58
Dickeyville,59
Dolfield,60
Dorchester,61
Downtown,62
Downtown West,63
Druid Heights,64
Druid Hill Park,65
Dunbar-Broadway,66
Dundalk Marine Terminal,67
East Arlington,68
East Baltimore Midway,69
Easterwood,70
Eastwood,71
Edgewood,72
Edmondson Village,73
Ednor Gardens-Lakeside,74
Ellwood Park/Monument,75
Evergreen,76
Evergreen Lawn,77
Evesham Park,78
Fairfield Area,79
Fairmont,80
Fallstaff,81
Federal Hill,82
Fells Point,83
Forest Park,84
Forest Park Golf Course,85
Four By Four,86
Frankford,87
Franklin Square,88
Franklintown,89
Franklintown Road,90
Garwyn Oaks,91
Gay Street,92
Glen,93
Glen Oaks,94
Glenham-Belhar,95
Graceland Park,96
Greektown,97
Greenmount Cemetery,98
Greenmount West,99
Greenspring,100
Grove Park,101
Guilford,102
Gwynns Falls,103
Gwynns Falls/Leakin Park,104
Hamilton Hills,105
Hampden,106
Hanlon-Longwood,107
Harlem Park,108
Harwood,109
Hawkins Point,110
Heritage Crossing,111
Herring Run Park,112
Highlandtown,113
Hillen,114
Hoes Heights,115
Holabird Industrial Park,116
Hollins Market,117
Homeland,118
Hopkins Bayview,119
Howard Park,120
Hunting Ridge,121
Idlewood,122
Inner Harbor,123
Irvington,124
Johns Hopkins Homewood,125
Johnston Square,126
Jones Falls Area,127
Jonestown,128
Kenilworth Park,129
Kernewood,130
Keswick,131
Kresson,132
Lake Evesham,133
Lake Walker,134
Lakeland,135
Langston Hughes,136
Lauraville,137
Levindale,138
Liberty Square,139
Little Italy,140
Loch Raven,141
Locust Point,142
Locust Point Industrial A,143
Lower Edmondson Village,144
Lower Herring Run Park,145
Loyola/Notre Dame,146
Lucille Park,147
Madison Park,148
Madison-Eastend,149
Mayfield,150
McElderry Park,151
Medfield,152
Medford,153
Mid-Govans,154
Mid-Town Belvedere,155
Middle Branch/Reedbird Pa,156
Middle East,157
Midtown-Edmondson,158
Millhill,159
Milton-Montford,160
Mondawmin,161
Montebello,162
Moravia-Walther,163
Morgan Park,164
Morgan State University,165
Morrell Park,166
Mosher,167
Mount Holly,168
Mount Vernon,169
Mount Washington,170
Mount Winans,171
Mt Pleasant Park,172
New Northwood,173
New Southwest/Mount Clare,174
North Harford Road,175
North Roland Park/Poplar,176
Northwest Community Actio,177
O'Donnell Heights,178
Oakenshawe,179
Oaklee,180
Old Goucher,181
Oldtown,182
Oliver,183
Orangeville,184
Orangeville Industrial Ar,185
Orchard Ridge,186
Original Northwood,187
Otterbein,188
Overlea,189
Panway/Braddish Avenue,190
Park Circle,191
Parklane,192
Parkside,193
Parkview/Woodbrook,194
Patterson Park,195
Patterson Park Neighborho,196
Patterson Place,197
Pen Lucy,198
Penn North,199
Penn-Fallsway,200
Penrose/Fayette Street Ou,201
Perkins Homes,202
Perring Loch,203
Pimlico Good Neighbors,204
Pleasant View Gardens,205
Poppleton,206
Port Covington,207
Pulaski Industrial Area,208
Purnell,209
Radnor-Winston,210
Ramblewood,211
Reisterstown Station,212
Remington,213
Reservoir Hill,214
Richnor Springs,215
Ridgely's Delight,216
Riverside,217
Rognel Heights,218
Roland Park,219
Rosebank,220
Rosemont,221
Rosemont East,222
Rosemont Homeowners/Tenan,223
Sabina-Mattfeldt,224
Saint Agnes,225
Saint Helena,226
Saint Josephs,227
Saint Paul,228
Sandtown-Winchester,229
Seton Business Park,230
Seton Hill,231
Sharp-Leadenhall,232
Shipley Hill,233
South Baltimore,234
South Clifton Park,235
Spring Garden Industrial,236
Stadium Area,237
Stonewood-Pentwood-Winsto,238
Taylor Heights,239
Ten Hills,240
The Orchards,241
Towanda-Grantley,242
Tremont,243
Tuscany-Canterbury,244
Union Square,245
University Of Maryland,246
Uplands,247
Upper Fells Point,248
Upton,249
Villages Of Homeland,250
Violetville,251
Wakefield,252
Walbrook,253
Waltherson,254
Washington Hill,255
Washington Village/Pigtow,256
Waverly,257
West Arlington,258
West Forest Park,259
West Hills,260
Westfield,261
Westgate,262
Westport,263
Wilhelm Park,264
Wilson Park,265
Winchester,266
Windsor Hills,267
Winston-Govans,268
Woodberry,269
Woodbourne Heights,270
Woodbourne-McCabe,271
Woodmere,272
Wrenlane,273
Wyman Park,274
Wyndhurst,275
Yale Heights,276
York-Homeland,277
